Fifteen Essentials to Succeed in Sport >> Scuttlebutt Sailing News,體育
Video Gaming Levels Up into a Sport,體育
What sport is best for achieving greater longevity?,體育
How American Football Is Growing as a Worldwide Sport,體育
Breakdancing an Olympic sport?,體育
How Pro Sports Became Part of the U.S. Military's War Machine,體育
8 Times Women in Sports Fought for Equality,體育
The Best Sport for a Longer Life? Try Tennis.,體育
How is Biotech Putting a Spring into the Step of Sportsmen and Women Around the World?,體育
Sports Analytics - University of Nebraska,體育
USA TODAY: Here are 11 things we'd change in sports,體育
This New Tool Can Help Parents Find the Best Sport for Their Kids,體育
Colorguard: A flashy hidden sport | Arts & Culture | dailyemerald.com,體育
Are super-nerds really ruining US sports?,體育
Sport’s transgender debate needs compromise not conflict,體育
Sports Medicine,體育
Can watching sports be bad for your health?,體育
Veterans Speak Out Against The Militarization Of Sports,體育
Exposure to Women's Sports: Changing Attitudes Toward Female Athletes,體育
Inside Apple's Sports Surveillance Room That Could Change the Way We Watch Live Events,體育
Nobody’s Going to Sports in Person Anymore. And No One Seems to Care.,體育
The Boy's Club: Being a Woman in a Male-Dominated Sport,體育
About the UFC - The Sport,體育
The Massage Therapist's Guide to Sports Massage,體育
The 30 sports destinations you must see in person,體育
Perspective | How basketball became the world's second-biggest sport,體育
5 sporting tragedies which changed the world forever,體育
Spartan Sports Hall of Fame,體育
New Global Center for Sport and Human Rights,體育
College sport needs to use its platform to increase diversity throughout the workforce,體育
Church & Sport in Alabama – The Sport Journal,體育
The Top 75 Sports Moments of 2018,體育
Inside the Numbers on Girls' Participation in High School Sports,體育
Headless Goat Polo Is A Top Sport At World Nomad Games,體育
Playing to Win: Using Sports to Develop Evidence-Based Arguments,體育
Video games are now a legitimate high school sport,體育
Sports Camps Home Page,體育
How to Avoid Burnout in Youth Sports,體育
Sports Illustrated's Fittest 50,體育
What Is The Best Sport For You? Try This Healthy Sport Index,體育
The 15 rules of sports media representation of female athletes | sportanddev.org,體育
Sports Video - University of Kentucky Athletics,體育
Organizational Expansion within Professional Sports – The Sport Journal,體育
The Long Fight for Pay Equality in Sports,體育
Participation in sport can improve children's learning and skills development new Barça Foundation and UNICEF report finds,體育
Why Sports Parents Sometimes Behave So Badly,體育
Sport specialization tied to injuries in kids and teens,體育
Kareem Abdul-Jabbar: what sports have taught me about race in America,體育
What Sports Reveal about Society,體育
GOAT of GOATs: Ranking the best of the best in sports,體育
How Data Analysis In Sports Is Changing The Game,體育
7 sports strategies you can use to succeed in business,體育
Art of Sport a unisex body care line co-founded by Kobe Bryant aims at the athlete,體育
70 Best Two-Sport Athletes of All-Time,體育
announce Sports Science and Performance Department staff | LA Galaxy,體育
Associations Between Sport Specialization Running-Related Injury and Menstrual Dysfunction Among High School Distance Runners | Athletic Training & Sports Health Care,體育
Botaoshi -- the extreme Japanese sport you've probably never heard of,體育
1968 Created The 'Ultimate' Anti-Sport Sport,體育
Coubertin's Influence on Education Sports and Physical Education – The Sport Journal,體育
Kids Who Specialize in One Sport Too Early Are Likely to Get Hurt: Study,體育
Sports Nutrition,體育
What Entrepreneurs Can Learn From A Sport Psychologist For Olympians,體育
Alpine Ski Racing is One Brutal Sport,體育
Youth sports still struggling with dropping participation high costs and bad coaches study finds,體育
E-Sports Is Beating the Competition,體育
UofSC tops U.S. in sport science for third straight year,體育
Does “Pay-to-Play” Put Sports Extracurricular Activities Out Of Reach For Some Students?,體育
Young athletes confront pressure to specialize in a single sport despite risks,體育
A Decade in Ivy League Sports: Ranking the eight athletic programs,體育
People who play this sport live longest,體育
College Sports Help Rich White Students Get Admitted,體育
Building bridges: How sport is bringing North and South Korea closer together,體育
Sports Drinks: Should You Drink Them Instead of Water?,體育
How One Sport Is Keeping a Language and a Culture Alive,體育
With fair play tolerance and team spirit sport can score for peace and development say UN officials,體育
International Students Participating in Campus Recreational Sport,體育
Why wrestling is the best sport for character,體育
Has softball surpassed basketball as the top women’s collegiate sport?,體育
How To Become A Sports Psychologist,體育
When Visiting Chile Make Sure To Take In The National Sport--It Will Surprise You,體育
150 Best Sports Movies of All Time,體育
Why Athletes Turn to Pickle Juice During Competition,體育
How have the four major sports changed over the years?,體育
Sport may be an opium of the people – but it matters,體育
Beth Ford Fortune 500 CEO Approaches Leadership as a Team Sport,體育
We Use Sports Terms All the Time. But Where Do They Come From?,體育
The Three Reasons College Sports Is An Ugly Business,體育
Athletes and activism: The long defiant history of sports protests,體育
Academics vs. Sports: What are the benefits?,體育
Thirty Years Ago WWE Admitted It Wasn't A Sport To Try And Dodge Regulation,體育
Careers With a Sports Psychology Degree,體育
Opinion | How Did Our Sports Get So Divisive?,體育
How This Sport Is Changing Kids' Health Around The World,體育
How much do coaches impact success in sports?,體育
Playing Sports Is Good For Your Child,體育
The science of parkour the sport that seems reckless but takes poise and skill,體育
Sports Marketing & Publicity Efforts in Division II Intercollegiate Athletics,體育
Boxing Federation Controversy Puts Sport at Risk in the Next Olympics,體育
Bizarre sports most Americans haven't even heard of,體育
Fyre Festival: Inside the world's biggest festival flop,節慶
Lights Camera Holiday Festival: The Luminaries and Novas,節慶
The 2019 Houston Barbecue Festival Brings Together the Best in Texas,節慶
AMERICAN THEATRE | Feasting in the Festival Garden,節慶
Gluten-Free Festival Returns - richmondmagazine.com,節慶
2019 Festival Guide,節慶
AMERICAN THEATRE | Williamstown Theatre Festival Announces 2019 Season,節慶
25 Best Music Festivals 2019 - Summer Festival Lineup & Schedule,節慶
Weekend Events Calendar: Charm City Night Market Pigtown Festival Cherry Hill Arts and Music Festival and more,節慶
Huntington Theatre Announces Breaking Ground Festival Lineup,節慶
Phish Cancel Curveball Festival,節慶
15 music festivals to check out without leaving the state of Arkansas,節慶
WBGO Newport Jazz Festival Weekend Trip,節慶
Sample delights from the sea at Deering Seafood Festival,節慶
UPDATED: How did an Iowa festival lose $2.3 million? Industry professionals weigh in,節慶
California Wine Festival Expands to Nov. 9-10 in Huntington Beach,節慶
Tehachapi Apple Festival: The new the fun and the family,節慶
6 takeaways from the Kind Music Festival at Tyson Ranch in Desert Hot Springs,節慶
Why You'll Want VIP Tickets to the California Wine Festival April 20 and 21,節慶
2018 Tontitown Grape Festival runs through Aug. 11,節慶
Meredith College Hosts Sixth Annual Documentary Film Festival,節慶
CBCSA to host student film festival,節慶
Music festivals: What's the world's biggest?,節慶
'Fyre' torches 'influencer' culture behind failed festival,節慶
The 10Best music festivals in North America,節慶
The rise and fall of Seattle's Upstream music festival,節慶
The Great American Beer Festival® Haze Craze,節慶
How a blog built one of D.C.'s most interesting music festivals,節慶
Mississippi Food and Wine Festival Preview Events The Storehouse at Repeat Street and Local Bunny Market,節慶
Festival food tour: What to eat at five Louisiana festivals this spring,節慶
Fyre Festival: Ja Rule says he was scammed by Billy McFarland too,節慶
Who's playing the McDowell Mountain Music Festival? Check the daily schedule here,節慶
Fyre Festival Organizer Sentenced to Six Years in Federal Prison,節慶
‘The Festival’: Film Review,節慶
‘Fraud From the Start’: A Music Festival Is Canceled and Accused of Deceit – Again,節慶
Festival Amadeus Brings 6 Classical Concerts To Whitefish,節慶
Travis Scott Announces First-Ever Astroworld Festival in Houston,節慶
Swedish women-only music festival found guilty of discrimination,節慶
Millions congregate for Kumbh Mela festival in India world's largest gathering,節慶
Fete des Vignerons wine festival in Vevey Switzerland,節慶
Innings Festival will return to Tempe in 2020,節慶
A Sneak Preview of 2019's National Black Theatre Festival,節慶
How Social Media Led To The Rise And Fall Of The Fyre Festival,節慶
Beale Street Music Festival 2019: Cardi B The Killers and Dave Matthews Band headline,節慶
Jay-Z Criticizes Philadelphia Over Displaced Festival,節慶
Donations are rolling in for a Bahamas restaurant owner who lost money in the Fyre Festival fiasco,節慶
'Vinotok' Is Crested Butte's Big Fall Festival. The Locals Would Prefer You Skip It,節慶
Penn's Woods Music Festival returns to its roots for the summer,節慶
Grilled Cheese Festival Indulges in America's Comfort Food - The Heights,節慶
Can a Music Festival Make Kosovo Cool?,節慶
Don't Miss The North Texas Irish Festival,節慶
Pilgrimage Festival perseveres: Founders look forward to fifth year after 'mud hit the fan',節慶
The story of a colossal music festival failure told twice (and well),節慶
8 Under-The-Radar Music Festivals Worthy Of A Road Trip,節慶
Arizona Hip-Hop Festival bigger than ever and more growth on the way,節慶
All the Festivals We Lost This Year,節慶
All Hallows Eve at the Texas Renaissance Festival,節慶
'Fyre Festival 2': Ultra Music Festival Strands 80000 on Miami Island,節慶
Festival organizers cancel Sun City Music Festival,節慶
Fyre Festival organizer Billy McFarland sentenced to six years in prison,節慶
Fall Festivals in Montgomery County,節慶
8 Best Spring and Summer Flower Festivals In the U.S.,節慶
Retro Richmond: Remembering the Rose Festival,節慶
Celebrate the power of literature at Southern University's second annual IWE Festival June 9,節慶
Netflix and Hulu's Fyre Festival Docs Dissect Attendees'—and Your—FOMO,節慶
Fyre Festival docs: why Netflix’s Fyre beats Hulu’s Fyre Fraud,節慶
Why India celebrates Holi: The legends behind the festival of color,節慶
Saudi Arabia Trying to Lure Tourists Hosts Music Festival Near Ancient Tombs,節慶
Florida festival season: Your guide to unique winter festivals throughout the Sunshine State,節慶
Hypefest 2018: brands and celebrities at Hypebeast’s first festival,節慶
How To Festival in Cluj Romania,節慶
C3 Cancels Its Plans for a Marfa Music Festival in 2020,節慶
Everything you need to know about McDowell Mountain Music Festival 2019,節慶
New Yorker Festival Pulls Steve Bannon as Headliner Following High-Profile Dropouts,節慶
Which Fyre Festival Documentary Is Better: Hulu or Netflix?,節慶
This New York Film Festival Is Definitely Not Boring,節慶
The Eclectic Music & Art Festival | The South Pasadenan,節慶
The Salzburg Festival is Planning a Mythic Summer,節慶
Fyre Festival Co-Founder Billy McFarland Sentenced To 6 Years In Prison,節慶
Scottish Highland Festival is ending its run after 20 years,節慶
Justin Timberlake's hometown inspires new stage area at Pilgrimage Festival,節慶
Music Festivals in United States of America,節慶
Porter Robinson to Change Multiverse Festival Name After Oakland Organizers' Protests,節慶
Music festival compared to Fyre after shuttle bus fiasco,節慶
America's biggest music festivals are more skippable than ever,節慶
The 19 Best Summer Music Festivals of 2018,節慶
20 great traditional festivals in Europe,節慶
Fyre Festival’s Organizers Didn’t Pay a Restaurant Owner So GoFundMe Donors Stepped In,節慶
Which Fyre Festival Documentary Is Right for You?,節慶
Grandoozy Denver 2019: Superfly's festival takes a hiatus,節慶
Who Is Fyre Festival Investor Carola Jain? - How Billy McFarland Got Money to Launch Fyre Festival,節慶
Pharrell's Something In the Water festival lineup includes Pusha T Janelle Monáe - Treble,節慶
Inside Day Zero: A Music Festival Originally Inspired By The End Of The World,節慶
How to Pick a Music Festival When They All Sound the Same,節慶
Fyre Festival Documentary Shows 'Perception And Reality' Of Infamous Concert Flop,節慶
The first annual 'By the People' festival brings huge installations and free performances to every quadrant of D.C.,節慶
These are America's best festivals,節慶
What’s So Special About the Venice Film Festival,節慶
Franklin Main Street Festival: What you need to know,節慶
Organizer of Failed Fyre Festival Pleads Guilty to Fraud,節慶
Earthquake Hazards | US Geological Survey,災難
National Earthquake Information Center (NEIC) | US Geological Survey,災難
Lessons from Mexico’s Earthquake Early Warning System,災難
Earthquake Science Center | US Geological Survey,災難
How likely is an earthquake in the Midwest South? The Big One could be coming,災難
Magnitude 7.0 Earthquake Shakes Alaska Damaging Roads Buildings,災難
An earthquake in Turkey lasted 50 days but no one felt it,災難
What Is an Earthquake?,災難
'Are people going to die during a Cascadia earthquake? Yes': Oregon's 'Big One' playbook,災難
Powerful earthquake split a tectonic plate in two,災難
Magnitude 4.4 earthquake shakes Tennessee Georgia,災難
'Major' damage to Anchorage area after severe 7.0-magnitude earthquake in Alaska,災難
How Alaska fixed its earthquake-shattered roads in just days,災難
25 Years After The Northridge Earthquake Is LA Ready For The Big One?,災難
7.0 magnitude earthquake hits Alaska damaging homes and roads,災難
How likely is an earthquake in Kentucky? The Big One could be coming,災難
How earthquake patterns could let us know when the ‘Really Big One’ is coming,災難
Earthquake today: Magnitude 4.4 earthquake strikes eastern Tennessee felt in Georgia,災難
Tennessee Earthquake Strongest in Decades Jolts Homes in the Region and Atlanta,災難
Deadly earthquake traveled at 'supersonic' speeds—why that matters,災難
Alaska earthquake: Live updates,災難
7.5 Magnitude Earthquake Strikes Near Ecuador's Border With Peru,災難
Earthquake: 3.0 quake strikes near Scissors Crossing,災難
Japan quake: Strong tremor shakes Osaka killing at least 5,災難
Why no one died in Alaska's 2018 earthquake,災難
February 1971: The Magnitude-6.5 San Fernando Earthquake Shakes Southern California,災難
CONFIRMED | Earthquake felt across north Georgia,災難
'It's only a question of time': California is overdue for a massive earthquake,災難
7.0 earthquake aftershocks strike Southcentral Alaska; damage reported across region,災難
Forecasting California's earthquake hazard,災難
From the Archives: The 1933 Long Beach earthquake,災難
Hunting for Landslides from Cascadia’s Great Earthquakes,災難
Alaska hit by dozens of small earthquakes as recovery continues after big temblor,災難
Alaska earthquake and aftershocks,災難
Indonesia earthquake tsunami death toll tops 400 hundreds more injured,災難
Earthquakes can systematically trigger other ones on opposite side of Earth,災難
Earthquake buries homes under landslides in Hokkaido Japan,災難
Mexico City earthquake was rare 'bending' quake,災難
Why some earthquakes are so deadly,災難
Say a major earthquake will hit in seconds. How do you protect yourself?,災難
Devastating earthquakes are priming the Himalaya for a mega-disaster,災難
Tennessee is more earthquake-prone than you may expect,災難
2 earthquakes shake Southeastern US,災難
UPDATED: 7.0-magnitude earthquake hits Alaska – Yukon News,災難
Alaska hit by more than 230 small earthquakes since Friday,災難
Major 7.3-magnitude earthquake rocks Venezuela,災難
Alaska has the most earthquakes in the US. Here's why,災難
A 7.0-Magnitude Earthquake Just Shook Alaska,災難
Bellingham woman recalls Great Alaskan Earthquake 55 years later,災難
Lombok earthquake death toll surges above 400,災難
What is a hurricane? Facts to know,災難
FEMA Urging Floridians To Prepare For Hurricane Season 2018,災難
Hurricane season is here. An extreme weather expert explains what's in store.,災難
2018 Atlantic Hurricane Season Fast Facts,災難
The Atlantic ocean looks insane right now: 3 Hurricanes at once,災難
Hurricane Typhoon or Cyclone? Same Storm Different Name,災難
Hurricane Bud Recap | The Weather Channel - Articles from The Weather Channel | weather.com,災難
September Is Peak Hurricane Season. Why Is That?,災難
2018 Hurricane Season Expected to Be More Active Than Usual CSU Forecasters Say | The Weather Channel - Articles from The Weather Channel | weather.com,災難
Hurricane Michael's aftermath: Live updates,災難
Why is the Pacific having such a busy hurricane season compared to the Atlantic?,災難
This is the way world ends: will we soon see category 6 hurricanes?,災難
In Underwater Drones a New Weapon for Hurricane Hunters,災難
'Extremely dangerous' Category 4 Hurricane Willa nearing Mexico's Pacific coast,災難
2018 hurricane season: A look back at Hurricane Florence Hurricane Michael other storms,災難
How do tornadoes and hurricanes compare?,災難
Another hurricane is barreling toward Hawaii,災難
Hurricane Florence triggers coal ash spill cuts power to millions,災難
The Atlantic and Pacific Ocean hurricane season is most powerful on record this year,災難
Michael now a Category 1 hurricane expected to strengthen,災難
North Carolina Second Only to Florida for US Tropical Storms and Hurricanes | The Weather Channel - Articles from The Weather Channel | weather.com,災難
Hurricane Michael May Hit Florida as Category 3 Storm,災難
How rare are November hurricanes in the Atlantic? | Earth,災難
Hurricane Willa’s dangerous intensification explained,災難
Hurricane Michael: Florida Coast's 'Worst-Case Scenario',災難
5 Reasons the 2018 Atlantic Hurricane Season Has Been Unusual | The Weather Channel - Articles from The Weather Channel | weather.com,災難
Hurricanes Are Lingering Longer. That Makes Them More Dangerous.,災難
Isaac a Threat to Lesser Antilles Later This Week; Helene Enters Open Atlantic; New Areas to Watch in Gulf of Mexico Northeastern Atlantic Ocean | The Weather Channel - Articles from The Weather Channel | weather.com,災難
Hawaii Hurricanes: How Unusual Are They? | The Weather Channel - Articles from The Weather Channel | weather.com,災難
Hurricanes are strengthening faster in the Atlantic and climate change is a big reason why scientists say,災難
Why the Current Hurricane Rating System Needs to Be Scrapped,災難
Humans Are Making Hurricanes Worse. Here’s How.,災難
Hurricane Sandy facts and information,災難
No The Bomb Cyclone Is Not An Inland Hurricane - Here's How They Differ,災難
Here's Where the Greatest Hurricane Threat Is in October | The Weather Channel - Articles from The Weather Channel | weather.com,災難
From Elena to Katrina: These are the costliest hurricanes to ever hit the US,災難
2018 hurricane season marked by record number of storms,災難
Hurricane Florence prompts warning: 'You put your life at risk by staying',災難
Hurricane Michael’s Remarkable Run,災難
Tropical Storm Chris to become hurricane bringing dangerous rip currents to East Coast beachgoers,災難
The Longest-Lasting Farthest-Tracking Hurricanes on Record | The Weather Channel - Articles from The Weather Channel | weather.com,災難
Hurricane Season Is Almost Over - So Why Are Meteorologists Watching The Caribbean?,災難
How to Tell if a Hurricane Is Headed Your Way,災難
Hurricane Lane Was the Third Wettest US Tropical Cyclone on Record (Recap) | The Weather Channel - Articles from The Weather Channel | weather.com,災難
You Are Not Hallucinating - Hurricane Leslie Is Headed Toward Spain And Africa,災難
Hurricane Chris Recap: US East Coast Wave Generator Then a Brush With Atlantic Canada | The Weather Channel - Articles from The Weather Channel | weather.com,災難
Hurricane Florence Forecast: Weaker but More Dangerous,災難
Hurricane Bud: Path models latest forecast of Category 3 hurricane today - live updates,災難
Hurricane Lane Was The Second-Wettest Tropical Cyclone On Record In The U.S.,災難
After Florence Tropical Atlantic Basin Calms Down But Hurricane Season is Far From Over | The Weather Channel - Articles from The Weather Channel | weather.com,災難
A turning point in China’s disaster preparedness?,災難
How Should You Prepare For Disaster?,災難
Disaster Recovery Planning | Best Practices & Services | ESF,災難
Picturing disaster: The 1931 Wuhan flood,災難
The Deadliest Natural Disasters in U.S. History,災難
Want to help after a disaster? Consider waiting a bit,災難
The Science Behind Home Disaster Preparedness Kits Is a Disaster,災難
5 natural disasters that devastated the US in 2018,災難
The hardest part of preparing for disasters is overcoming human nature,災難
Disaster Recovery | NC Gov. Cooper,災難
What We Don't Know About State Spending on Natural Disasters Could Cost Us,災難
Disasters 2018: the wildfires hurricanes heat and drought explained,災難
Plan & Prepare,災難
Disaster Recovery: Better Monitoring of Block Grant Funds Is Needed,災難
Farmington No. 9: The West Virginia Disaster that Changed Coal Mining Forever,災難
3 Reasons Why the U.S. is Vulnerable to Big Disaster,災難
Long-Term Recovery Never Ends for Some After Natural Disasters,災難
An African-owned initiative to manage natural disaster and climate risks,災難
Amid Climate Change FEMA And Government Aid Widen Wealth Inequality,災難
Survey Respondents Say a Disaster Is Imminent in the Next Five Years,災難
Pre-Disaster Mitigation Grant Program,災難
4 Steps to Protect Your Data Center from Disaster,災難
How cyber criminals prey on victims of natural disasters,災難
The Places in the U.S. Where Disaster Strikes Again and Again (Published 2018),災難
Paying California Workers During a Natural Disaster,災難
Natural Disaster Mitigation Spending Not Comprehensively Tracked,災難
What Is Disaster Recovery as a Service? | Guide to DRaaS | ESF,災難
Disaster Response Projects Could Lose Funding to Border Wall,災難
Natural Disasters | Disease Outbreak Control Division,災難
10 of the deadliest natural disasters in 2018,災難
New Disaster Bill Includes $849M for Water Infrastructure,災難
How AI Can And Will Predict Disasters,災難
Building Resilience to Natural Disasters in the Caribbean Requires Greater Preparedness,災難
AT&T hit by higher natural disaster costs unveils 30-year climate change model,災難
FEMA's Disaster Preparedness Plan Is a Disaster for the U.S.,災難
For Trump even disaster response is colored in red and blue,災難
8 jobs that go into overdrive when a natural disaster strikes,災難
We can't rid Southeast Asia of natural disasters. But we can prepare for them,災難
Midwestern Flooding Isn't a Natural Disaster,災難
Disaster relief is stalled because Trump doesn’t want to help Puerto Rico,災難
USDA Set to Whip up $2.36 Billion in Natural Disaster Aid,災難
Congress Must Stop the Abuse of Disaster and Emergency Spending,災難
Natural Disasters 2017 - World,災難
After natural disasters workers rebuild — and face exploitation,災難
Mobilizing Contingency Funds for Climate-Related Disasters - World,災難
Economic Losses Poverty & Disasters 1998-2017 - World,災難
Using Telehealth Technology for Care Coordination During a Disaster,災難
FEMA Report Acknowledges Failures In Puerto Rico Disaster Response,災難
Whiter Communities Received More Federal Buyouts After Disasters,災難
After a Natural Disaster Is It Better to Rebuild or Retreat?,災難
Why the Summer Olympics are held in July August despite heat,體育
Things we'd change in sports: It's time for Olympics to adopt a rotation for Games,體育
A Complete Look At All The New Sports And Events For The Olympic Games Tokyo 2020,體育
Column: Olympics Reject Bowling Again And The Reason Is Obvious,體育
6 cities that rejected the Olympics,體育
To the surprise of no one the 2020 Tokyo Olympics are going massively over budget,體育
Why e-sports should not be in the Olympics,體育
Two-time Gold Medalist Michael Jordan in the Olympic Games,體育
Opinion: Tokyo Olympics vote-buying scandal shows corruption never ends,體育
Does Calgary Really Want the Winter Olympics? Does Anyone?,體育
Olympics: Billiards snooker cue up for 2024 Games inclusion,體育
Utah is ready and waiting to welcome the Olympics again - Utah Business,體育
Olympics: German athletes score advertising win over IOC for Games,體育
Nobody Wants To Host The Olympics Anymore,體育
Salt Lake City to Seek Another Winter Olympics With Little Competition,體育
Breakdancing In The Olympics? Paris 2024 Organizers Say 'Oui Garçon!',體育
Denver eliminated from hosting Winter Olympics in 2030 U.S. Olympic Committee says,體育
Activists show opposition to 2028 Olympics,體育
What Olympic Recognition Could Mean For Esports And Vice Versa,體育
Simone Biles Says Tokyo 2020 Will Be Her Last Olympics Body Is 'Falling Apart',體育
New Olympic Standards - How Runners Must Qualify for the 2020 Tokyo Olympics,體育
The surprising source of the Tokyo 2020 Olympic medals,體育
Olympics: Karate associations vent anger after Paris 2024 exclusion,體育
These Are the New Sports We May See at the 2024 Summer Olympics,體育
Four Reasons Why Swimming is so Popular at the Olympics,體育
Olympics: Salt Lake City selected for potential 2030 Winter games bid,體育
Beijing 2022 Winter Olympics add seven new events,體育
It Just Got Way Harder to Qualify for the Olympics,體育
Taiwan to vote on changing 'Chinese Taipei' Olympic name,體育
End of Olympic Era for Finn Class >> Scuttlebutt Sailing News,體育
Japan's 2020 team likely to be largest in Olympic history,體育
Olympics: Tokyo 2020 unveils robots to help wheelchair users workers,體育
Two sprinters gave the black-power salute at the Olympics. It took them decades to recover from that gesture.,體育
Column: What if they had an Olympics but no one would host?,體育
Tokyo 2020 Olympics ticket prices unveiled,體育
Just how good can the 8K cameras used at the Tokyo Olympics be?,體育
France investigates Japan's Olympics chief on suspicion of corruption,體育
Tokyo 2020: Get to Know American Athletes in Three New Olympic Sports,體育
LA 2028 Olympics: Will 'no impact' Games spur construction?,體育
2020 Olympic Qualifying Standards Released,體育
WHAT THE HELL IS UP WITH OLYMPIC SKATEBOARDING?,體育
Japan's 2020 Tokyo Olympics budget reportedly soars to almost $25 billion could keep rising,體育
Nobody can afford to host the Olympics but at the IOC the largesse never stops,體育
Olympics: Sony wins Tokyo 2020 broadcast rights in India subcontinent,體育
There Have Been 121 Positive Doping Tests and Counting From 2012 Olympics,體育
Breakdancing proposed as new Olympic sport for Paris 2024,體育
Olympics: Samsung extends Olympics sponsorship to 2028 - IOC,體育
Countries qualify for Tokyo 2020 Olympics >> Scuttlebutt Sailing News,體育
NBC Olympics unveils Tokyo 2020 logo,體育
Russia India among nations to lose Olympic spots in doping clampdown,體育
Together for the Holidays: 5 Holiday Marketing Campaigns Creating Connections,節慶
21 Seasonal Ideas From Holiday and Wintery Pop-Ups,節慶
Weekend Holiday Events in Ivoryton Chester and Deep River,節慶
How to Make Holiday Celebrations More Inclusive,節慶
Your Ultimate Guide to the Philadelphia Region’s Holiday Events,節慶
Lights Camera Holiday Festival: DJ Dewey,節慶
Holiday Jazz | Millikin University,節慶
Love On Holiday Songwriting Retreat,節慶
What Is Labor Day? A History of the Workers’ Holiday.,節慶
Holiday Food Traditions are as Much about Connection as Eating,節慶
Booksellers' Social Media Showcases Holiday Marketing Ideas,節慶
6 holiday trains you -- and your kids -- won't want to miss!,節慶
"Holiday Dreams" Wraps Up Christmas Season at GSR,節慶
Why 9/11 isn't a national holiday and why it's likely to stay that way,節慶
The Memphis Grizzlies Need To Get Justin Holiday Going,節慶
The controversial history of the annual Starbucks holiday cup,節慶
To navigate holiday returns watch the clock,節慶
Holiday Gift Guide 2018 | The Ultimate Gift List | connecticutmag.com,節慶
Seven-Year-Old Boy Invents Wolf Holiday and People Are Already Onboard,節慶
Holiday hospitalization carries higher risks study says,節慶
Netflix’s The Holiday Calendar review: aggressively bland,節慶
How to cut back on holiday waste,節慶
The Mystery of the Holiday Fruitcake Solved!,節慶
Mitch McConnell: making Election Day a federal holiday is a Democratic “power grab”,節慶
Celebrating Holidays Around the World | Millikin University,節慶
The best booze gifts to give (and get) this holiday season,節慶
Hype builds around Marquette's biggest holiday – Marquette Wire,節慶
2018 Holiday Retail Index by Verizon tracking digital commerce,節慶
Does that second holiday retail job make sense? Experts say it does — if you do the math,節慶
You Should Definitely Work Over the Holiday Break,節慶
Festive holiday outfits the whole family will want to wear,節慶
Juneteenth: why celebrating the holiday is more important now than ever,節慶
How to Cope With Holiday Stress According to Psychologists,節慶
All Holiday Events,節慶
Wayfair's huge holiday sale is here! Check out these 18 cute decor ideas,節慶
15 ways to avoid home insurance claims during the winter holiday season,節慶
Day of the Dead (Día de los Muertos),節慶
Meet the Couple Bringing Holiday Magic to the Main Line,節慶
How to handle your first holiday after a loss,節慶
A Dutch Holiday Tradition: Protesting A Christmas Character In Blackface,節慶
6 ways to Grinch-proof your holiday light displays,節慶
How to beat back holiday stress,節慶
How to avoid holiday travel headaches,節慶
6 ways your brain is tricked into holiday shopping,節慶
3 Points to Remember About FMLA During the Holidays,節慶
These are the best holiday attractions and events in the USA,節慶
Americans are into pretty quirky holiday traditions,節慶
What if Election Day were a holiday?,節慶
Planning to fly away for the holidays? So are nearly 46 million other people.,節慶
Is Monday a Holiday?,節慶
